ObjectId,SYSTEM_ID,DATE,PANELS_REPORTING_MICRO_INVERTER,WATTS,WATT_HOUR,KILOWATT_HOUR,COMMUNITY_NAME,FORWARD_SORTATION_AREA
206150,1012997,2021-01-03 09:45:00+00:00,4,0,0.0,0.0,Hammonds Plains,B3Z
206151,1012997,2021-01-03 09:49:59+00:00,25,2,0.0,0.0,Hammonds Plains,B3Z
206152,1012997,2021-01-03 09:55:00+00:00,26,2,0.0,0.0,Hammonds Plains,B3Z
206153,1012997,2021-01-03 09:59:59+00:00,26,1,0.0,0.0,Hammonds Plains,B3Z
206154,1012997,2021-01-03 10:05:00+00:00,26,1,0.0,0.0,Hammonds Plains,B3Z
206155,1012997,2021-01-03 10:09:59+00:00,26,1,0.0,0.0,Hammonds Plains,B3Z
206156,1012997,2021-01-03 10:15:00+00:00,26,1,0.0,0.0,Hammonds Plains,B3Z
206157,1012997,2021-01-03 10:20:00+00:00,26,1,0.0,0.0,Hammonds Plains,B3Z
206158,1012997,2021-01-03 10:25:00+00:00,27,1,0.0,0.0,Hammonds Plains,B3Z
206159,1012997,2021-01-03 10:30:00+00:00,27,1,0.0,0.0,Hammonds Plains,B3Z
206160,1012997,2021-01-03 10:34:59+00:00,28,2,0.0,0.0,Hammonds Plains,B3Z
206161,1012997,2021-01-03 10:40:00+00:00,28,2,0.0,0.0,Hammonds Plains,B3Z
206162,1012997,2021-01-03 10:44:59+00:00,29,2,0.0,0.0,Hammonds Plains,B3Z
206163,1012997,2021-01-03 10:50:00+00:00,30,3,0.0,0.0,Hammonds Plains,B3Z
206164,1012997,2021-01-03 10:54:59+00:00,30,3,0.0,0.0,Hammonds Plains,B3Z
206165,1012997,2021-01-03 11:00:00+00:00,30,4,0.0,0.0,Hammonds Plains,B3Z
206166,1012997,2021-01-03 11:05:00+00:00,32,8,1.0,0.001,Hammonds Plains,B3Z
206167,1012997,2021-01-03 11:10:00+00:00,32,8,1.0,0.001,Hammonds Plains,B3Z
206168,1012997,2021-01-03 11:15:00+00:00,32,9,1.0,0.001,Hammonds Plains,B3Z
206169,1012997,2021-01-03 11:19:59+00:00,34,13,1.0,0.001,Hammonds Plains,B3Z
206170,1012997,2021-01-03 11:25:00+00:00,37,13,1.0,0.001,Hammonds Plains,B3Z
206171,1012997,2021-01-03 11:29:59+00:00,37,13,1.0,0.001,Hammonds Plains,B3Z
206172,1012997,2021-01-03 11:35:00+00:00,34,15,1.0,0.001,Hammonds Plains,B3Z
206173,1012997,2021-01-03 11:39:59+00:00,34,15,1.0,0.001,Hammonds Plains,B3Z
206174,1012997,2021-01-03 11:45:00+00:00,34,13,1.0,0.001,Hammonds Plains,B3Z
206175,1012997,2021-01-03 11:50:00+00:00,34,6,1.0,0.001,Hammonds Plains,B3Z
206176,1012997,2021-01-03 11:55:00+00:00,34,6,1.0,0.001,Hammonds Plains,B3Z
206177,1012997,2021-01-03 12:00:00+00:00,34,6,1.0,0.001,Hammonds Plains,B3Z
206178,1012997,2021-01-03 12:04:59+00:00,34,9,1.0,0.001,Hammonds Plains,B3Z
206179,1012997,2021-01-03 12:10:00+00:00,34,9,1.0,0.001,Hammonds Plains,B3Z
206180,1012997,2021-01-03 12:14:59+00:00,34,8,1.0,0.001,Hammonds Plains,B3Z
206181,1012997,2021-01-03 12:20:00+00:00,33,4,0.0,0.0,Hammonds Plains,B3Z
206182,1012997,2021-01-03 12:24:59+00:00,33,4,0.0,0.0,Hammonds Plains,B3Z
206183,1012997,2021-01-03 12:30:00+00:00,33,5,0.0,0.0,Hammonds Plains,B3Z
206184,1012997,2021-01-03 12:35:00+00:00,31,6,1.0,0.001,Hammonds Plains,B3Z
206185,1012997,2021-01-03 12:40:00+00:00,31,6,1.0,0.001,Hammonds Plains,B3Z
206186,1012997,2021-01-03 12:45:00+00:00,31,6,1.0,0.001,Hammonds Plains,B3Z
206187,1012997,2021-01-03 12:49:59+00:00,31,4,0.0,0.0,Hammonds Plains,B3Z
206188,1012997,2021-01-03 12:55:00+00:00,31,4,0.0,0.0,Hammonds Plains,B3Z
206189,1012997,2021-01-03 12:59:59+00:00,31,4,0.0,0.0,Hammonds Plains,B3Z
206190,1012997,2021-01-03 13:05:00+00:00,31,5,0.0,0.0,Hammonds Plains,B3Z
206191,1012997,2021-01-03 13:09:59+00:00,31,5,0.0,0.0,Hammonds Plains,B3Z
206192,1012997,2021-01-03 13:15:00+00:00,31,5,0.0,0.0,Hammonds Plains,B3Z
206193,1012997,2021-01-03 13:20:00+00:00,30,2,0.0,0.0,Hammonds Plains,B3Z
206194,1012997,2021-01-03 13:25:00+00:00,30,2,0.0,0.0,Hammonds Plains,B3Z
206195,1012997,2021-01-03 13:30:00+00:00,30,2,0.0,0.0,Hammonds Plains,B3Z
206196,1012997,2021-01-03 13:34:59+00:00,27,4,0.0,0.0,Hammonds Plains,B3Z
206197,1012997,2021-01-03 13:40:00+00:00,27,4,0.0,0.0,Hammonds Plains,B3Z
206198,1012997,2021-01-03 13:44:59+00:00,27,3,0.0,0.0,Hammonds Plains,B3Z
206199,1012997,2021-01-03 13:50:00+00:00,15,1,0.0,0.0,Hammonds Plains,B3Z
206200,1012997,2021-01-03 13:54:59+00:00,15,1,0.0,0.0,Hammonds Plains,B3Z
206201,1012997,2021-01-03 14:00:00+00:00,15,1,0.0,0.0,Hammonds Plains,B3Z
206202,1012997,2021-01-03 14:05:00+00:00,15,0,0.0,0.0,Hammonds Plains,B3Z
206203,1012997,2021-01-03 14:10:00+00:00,15,0,0.0,0.0,Hammonds Plains,B3Z
206204,1012997,2021-01-03 14:15:00+00:00,15,0,0.0,0.0,Hammonds Plains,B3Z
206205,1012997,2021-01-03 14:19:59+00:00,15,0,0.0,0.0,Hammonds Plains,B3Z
206206,1012997,2021-01-03 14:25:00+00:00,15,0,0.0,0.0,Hammonds Plains,B3Z
206207,1012997,2021-01-03 14:29:59+00:00,15,0,0.0,0.0,Hammonds Plains,B3Z
206208,1012997,2021-01-03 14:35:00+00:00,15,0,0.0,0.0,Hammonds Plains,B3Z
206209,1012997,2021-01-03 14:39:59+00:00,15,0,0.0,0.0,Hammonds Plains,B3Z
206210,1012997,2021-01-03 14:45:00+00:00,15,0,0.0,0.0,Hammonds Plains,B3Z
206211,1012997,2021-01-03 14:50:00+00:00,15,0,0.0,0.0,Hammonds Plains,B3Z
206212,1012997,2021-01-03 14:55:00+00:00,15,2,0.0,0.0,Hammonds Plains,B3Z
206213,1012997,2021-01-03 15:00:00+00:00,15,2,0.0,0.0,Hammonds Plains,B3Z
206214,1012997,2021-01-03 15:04:59+00:00,9,0,0.0,0.0,Hammonds Plains,B3Z
206215,1012997,2021-01-03 15:10:00+00:00,4,0,0.0,0.0,Hammonds Plains,B3Z
206216,1012997,2021-01-03 15:14:59+00:00,4,0,0.0,0.0,Hammonds Plains,B3Z
206217,1012997,2021-01-03 15:20:00+00:00,4,0,0.0,0.0,Hammonds Plains,B3Z
206218,1012997,2021-01-03 15:24:59+00:00,4,0,0.0,0.0,Hammonds Plains,B3Z
206219,1012997,2021-01-03 15:30:00+00:00,4,0,0.0,0.0,Hammonds Plains,B3Z
206220,1012997,2021-01-03 15:35:00+00:00,4,0,0.0,0.0,Hammonds Plains,B3Z
206221,1012997,2021-01-03 15:40:00+00:00,4,0,0.0,0.0,Hammonds Plains,B3Z
206222,1012997,2021-01-03 15:45:00+00:00,4,0,0.0,0.0,Hammonds Plains,B3Z
206223,1012997,2021-01-04 08:55:00+00:00,1,0,0.0,0.0,Hammonds Plains,B3Z
206224,1012997,2021-01-04 09:00:00+00:00,2,0,0.0,0.0,Hammonds Plains,B3Z
206225,1012997,2021-01-04 09:04:59+00:00,5,0,0.0,0.0,Hammonds Plains,B3Z
206226,1012997,2021-01-04 09:10:00+00:00,13,0,0.0,0.0,Hammonds Plains,B3Z
206227,1012997,2021-01-04 09:14:59+00:00,16,0,0.0,0.0,Hammonds Plains,B3Z
206228,1012997,2021-01-04 09:20:00+00:00,22,1,0.0,0.0,Hammonds Plains,B3Z
206229,1012997,2021-01-04 09:24:59+00:00,24,1,0.0,0.0,Hammonds Plains,B3Z
206230,1012997,2021-01-04 09:30:00+00:00,26,1,0.0,0.0,Hammonds Plains,B3Z
206231,1012997,2021-01-04 09:35:00+00:00,29,2,0.0,0.0,Hammonds Plains,B3Z
206232,1012997,2021-01-04 09:40:00+00:00,30,2,0.0,0.0,Hammonds Plains,B3Z
206233,1012997,2021-01-04 09:45:00+00:00,30,2,0.0,0.0,Hammonds Plains,B3Z
206234,1012997,2021-01-04 09:49:59+00:00,32,5,0.0,0.0,Hammonds Plains,B3Z
206235,1012997,2021-01-04 09:55:00+00:00,32,7,1.0,0.001,Hammonds Plains,B3Z
206236,1012997,2021-01-04 09:59:59+00:00,34,7,1.0,0.001,Hammonds Plains,B3Z
206237,1012997,2021-01-04 10:05:00+00:00,38,18,2.0,0.002,Hammonds Plains,B3Z
206238,1012997,2021-01-04 10:09:59+00:00,38,27,2.0,0.002,Hammonds Plains,B3Z
206239,1012997,2021-01-04 10:15:00+00:00,38,27,2.0,0.002,Hammonds Plains,B3Z
206240,1012997,2021-01-04 10:20:00+00:00,38,34,3.0,0.003,Hammonds Plains,B3Z
206241,1012997,2021-01-04 10:25:00+00:00,38,39,3.0,0.003,Hammonds Plains,B3Z
206242,1012997,2021-01-04 10:30:00+00:00,38,39,3.0,0.003,Hammonds Plains,B3Z
206243,1012997,2021-01-04 10:34:59+00:00,38,32,3.0,0.003,Hammonds Plains,B3Z
206244,1012997,2021-01-04 10:40:00+00:00,38,33,3.0,0.003,Hammonds Plains,B3Z
206245,1012997,2021-01-04 10:44:59+00:00,38,33,3.0,0.003,Hammonds Plains,B3Z
206246,1012997,2021-01-04 10:50:00+00:00,38,22,2.0,0.002,Hammonds Plains,B3Z
206247,1012997,2021-01-04 10:54:59+00:00,38,19,2.0,0.002,Hammonds Plains,B3Z
206248,1012997,2021-01-04 11:00:00+00:00,38,19,2.0,0.002,Hammonds Plains,B3Z
206249,1012997,2021-01-04 11:05:00+00:00,38,8,1.0,0.001,Hammonds Plains,B3Z
206250,1012997,2021-01-04 11:10:00+00:00,38,4,0.0,0.0,Hammonds Plains,B3Z
206251,1012997,2021-01-04 11:15:00+00:00,38,4,0.0,0.0,Hammonds Plains,B3Z
206252,1012997,2021-01-04 11:19:59+00:00,38,4,0.0,0.0,Hammonds Plains,B3Z
206253,1012997,2021-01-04 11:25:00+00:00,38,5,0.0,0.0,Hammonds Plains,B3Z
206254,1012997,2021-01-04 11:29:59+00:00,38,5,0.0,0.0,Hammonds Plains,B3Z
206255,1012997,2021-01-04 11:35:00+00:00,38,7,1.0,0.001,Hammonds Plains,B3Z
206256,1012997,2021-01-04 11:39:59+00:00,38,9,1.0,0.001,Hammonds Plains,B3Z
206257,1012997,2021-01-04 11:45:00+00:00,38,9,1.0,0.001,Hammonds Plains,B3Z
206258,1012997,2021-01-04 11:50:00+00:00,38,18,1.0,0.001,Hammonds Plains,B3Z
206259,1012997,2021-01-04 11:55:00+00:00,38,23,2.0,0.002,Hammonds Plains,B3Z
206260,1012997,2021-01-04 12:00:00+00:00,38,23,2.0,0.002,Hammonds Plains,B3Z
206261,1012997,2021-01-04 12:04:59+00:00,38,28,2.0,0.002,Hammonds Plains,B3Z
206262,1012997,2021-01-04 12:10:00+00:00,38,33,3.0,0.003,Hammonds Plains,B3Z
206263,1012997,2021-01-04 12:14:59+00:00,38,33,3.0,0.003,Hammonds Plains,B3Z
206264,1012997,2021-01-04 12:20:00+00:00,38,24,2.0,0.002,Hammonds Plains,B3Z
206265,1012997,2021-01-04 12:24:59+00:00,38,21,2.0,0.002,Hammonds Plains,B3Z
206266,1012997,2021-01-04 12:30:00+00:00,38,21,2.0,0.002,Hammonds Plains,B3Z
206267,1012997,2021-01-04 12:35:00+00:00,38,20,2.0,0.002,Hammonds Plains,B3Z
206268,1012997,2021-01-04 12:40:00+00:00,38,21,2.0,0.002,Hammonds Plains,B3Z
206269,1012997,2021-01-04 12:45:00+00:00,38,21,2.0,0.002,Hammonds Plains,B3Z
206270,1012997,2021-01-04 12:49:59+00:00,38,15,1.0,0.001,Hammonds Plains,B3Z
206271,1012997,2021-01-04 12:55:00+00:00,36,14,1.0,0.001,Hammonds Plains,B3Z
206272,1012997,2021-01-04 12:59:59+00:00,36,14,1.0,0.001,Hammonds Plains,B3Z
206273,1012997,2021-01-04 13:05:00+00:00,36,10,1.0,0.001,Hammonds Plains,B3Z
206274,1012997,2021-01-04 13:09:59+00:00,35,9,1.0,0.001,Hammonds Plains,B3Z
206275,1012997,2021-01-04 13:15:00+00:00,35,9,1.0,0.001,Hammonds Plains,B3Z
206276,1012997,2021-01-04 13:20:00+00:00,35,8,1.0,0.001,Hammonds Plains,B3Z
206277,1012997,2021-01-04 13:25:00+00:00,35,9,1.0,0.001,Hammonds Plains,B3Z
206278,1012997,2021-01-04 13:30:00+00:00,35,9,1.0,0.001,Hammonds Plains,B3Z
206279,1012997,2021-01-04 13:34:59+00:00,35,5,0.0,0.0,Hammonds Plains,B3Z
206280,1012997,2021-01-04 13:40:00+00:00,30,4,0.0,0.0,Hammonds Plains,B3Z
206281,1012997,2021-01-04 13:44:59+00:00,30,4,0.0,0.0,Hammonds Plains,B3Z
206282,1012997,2021-01-04 13:50:00+00:00,30,3,0.0,0.0,Hammonds Plains,B3Z
206283,1012997,2021-01-04 13:54:59+00:00,29,2,0.0,0.0,Hammonds Plains,B3Z
206284,1012997,2021-01-04 14:00:00+00:00,29,2,0.0,0.0,Hammonds Plains,B3Z
206285,1012997,2021-01-04 14:05:00+00:00,29,3,0.0,0.0,Hammonds Plains,B3Z
206286,1012997,2021-01-04 14:10:00+00:00,29,3,0.0,0.0,Hammonds Plains,B3Z
206287,1012997,2021-01-04 14:15:00+00:00,29,3,0.0,0.0,Hammonds Plains,B3Z
206288,1012997,2021-01-04 14:19:59+00:00,29,3,0.0,0.0,Hammonds Plains,B3Z
206289,1012997,2021-01-04 14:25:00+00:00,28,3,0.0,0.0,Hammonds Plains,B3Z
206290,1012997,2021-01-04 14:29:59+00:00,28,3,0.0,0.0,Hammonds Plains,B3Z
206291,1012997,2021-01-04 14:35:00+00:00,28,2,0.0,0.0,Hammonds Plains,B3Z
206292,1012997,2021-01-04 14:39:59+00:00,25,2,0.0,0.0,Hammonds Plains,B3Z
206293,1012997,2021-01-04 14:45:00+00:00,25,2,0.0,0.0,Hammonds Plains,B3Z
206294,1012997,2021-01-04 14:50:00+00:00,25,2,0.0,0.0,Hammonds Plains,B3Z
206295,1012997,2021-01-04 14:55:00+00:00,17,1,0.0,0.0,Hammonds Plains,B3Z
206296,1012997,2021-01-04 15:00:00+00:00,17,1,0.0,0.0,Hammonds Plains,B3Z
206297,1012997,2021-01-04 15:04:59+00:00,17,1,0.0,0.0,Hammonds Plains,B3Z
206298,1012997,2021-01-04 15:10:00+00:00,9,1,0.0,0.0,Hammonds Plains,B3Z
206299,1012997,2021-01-04 15:14:59+00:00,9,1,0.0,0.0,Hammonds Plains,B3Z
206300,1012997,2021-01-04 15:20:00+00:00,9,0,0.0,0.0,Hammonds Plains,B3Z
206301,1012997,2021-01-04 15:24:59+00:00,1,0,0.0,0.0,Hammonds Plains,B3Z
206302,1012997,2021-01-04 15:30:00+00:00,1,0,0.0,0.0,Hammonds Plains,B3Z
206303,1012997,2021-01-05 09:35:00+00:00,3,0,0.0,0.0,Hammonds Plains,B3Z
206304,1012997,2021-01-05 09:40:00+00:00,20,2,0.0,0.0,Hammonds Plains,B3Z
206305,1012997,2021-01-05 09:45:00+00:00,28,2,0.0,0.0,Hammonds Plains,B3Z
206306,1012997,2021-01-05 09:49:59+00:00,29,3,0.0,0.0,Hammonds Plains,B3Z
206307,1012997,2021-01-05 09:55:00+00:00,32,9,1.0,0.001,Hammonds Plains,B3Z
206308,1012997,2021-01-05 09:59:59+00:00,36,12,1.0,0.001,Hammonds Plains,B3Z
206309,1012997,2021-01-05 10:05:00+00:00,37,13,1.0,0.001,Hammonds Plains,B3Z
206310,1012997,2021-01-05 10:09:59+00:00,37,17,1.0,0.001,Hammonds Plains,B3Z
206311,1012997,2021-01-05 10:15:00+00:00,37,17,1.0,0.001,Hammonds Plains,B3Z
206312,1012997,2021-01-05 10:20:00+00:00,37,16,1.0,0.001,Hammonds Plains,B3Z
206313,1012997,2021-01-05 10:25:00+00:00,37,12,1.0,0.001,Hammonds Plains,B3Z
206314,1012997,2021-01-05 10:30:00+00:00,37,12,1.0,0.001,Hammonds Plains,B3Z
206315,1012997,2021-01-05 10:34:59+00:00,37,11,1.0,0.001,Hammonds Plains,B3Z
206316,1012997,2021-01-05 10:40:00+00:00,37,8,1.0,0.001,Hammonds Plains,B3Z
206317,1012997,2021-01-05 10:44:59+00:00,37,8,1.0,0.001,Hammonds Plains,B3Z
206318,1012997,2021-01-05 10:50:00+00:00,37,10,1.0,0.001,Hammonds Plains,B3Z
206319,1012997,2021-01-05 10:54:59+00:00,38,21,2.0,0.002,Hammonds Plains,B3Z
206320,1012997,2021-01-05 11:00:00+00:00,38,21,2.0,0.002,Hammonds Plains,B3Z
206321,1012997,2021-01-05 11:05:00+00:00,38,20,2.0,0.002,Hammonds Plains,B3Z
206322,1012997,2021-01-05 11:10:00+00:00,38,21,2.0,0.002,Hammonds Plains,B3Z
206323,1012997,2021-01-05 11:15:00+00:00,38,21,2.0,0.002,Hammonds Plains,B3Z
206324,1012997,2021-01-05 11:19:59+00:00,38,21,2.0,0.002,Hammonds Plains,B3Z
206325,1012997,2021-01-05 11:25:00+00:00,38,33,3.0,0.003,Hammonds Plains,B3Z
206326,1012997,2021-01-05 11:29:59+00:00,38,33,3.0,0.003,Hammonds Plains,B3Z
206327,1012997,2021-01-05 11:35:00+00:00,38,29,2.0,0.002,Hammonds Plains,B3Z
206328,1012997,2021-01-05 11:39:59+00:00,38,13,1.0,0.001,Hammonds Plains,B3Z
206329,1012997,2021-01-05 11:45:00+00:00,38,13,1.0,0.001,Hammonds Plains,B3Z
206330,1012997,2021-01-05 11:50:00+00:00,38,11,1.0,0.001,Hammonds Plains,B3Z
206331,1012997,2021-01-05 11:55:00+00:00,38,4,0.0,0.0,Hammonds Plains,B3Z
206332,1012997,2021-01-05 12:00:00+00:00,38,4,0.0,0.0,Hammonds Plains,B3Z
206333,1012997,2021-01-05 12:04:59+00:00,38,4,0.0,0.0,Hammonds Plains,B3Z
206334,1012997,2021-01-05 12:10:00+00:00,38,1,0.0,0.0,Hammonds Plains,B3Z
206335,1012997,2021-01-05 12:14:59+00:00,38,1,0.0,0.0,Hammonds Plains,B3Z
206336,1012997,2021-01-05 12:20:00+00:00,38,2,0.0,0.0,Hammonds Plains,B3Z
206337,1012997,2021-01-05 12:24:59+00:00,38,10,1.0,0.001,Hammonds Plains,B3Z
206338,1012997,2021-01-05 12:30:00+00:00,38,10,1.0,0.001,Hammonds Plains,B3Z
206339,1012997,2021-01-05 12:35:00+00:00,38,10,1.0,0.001,Hammonds Plains,B3Z
206340,1012997,2021-01-05 12:40:00+00:00,38,10,1.0,0.001,Hammonds Plains,B3Z
206341,1012997,2021-01-05 12:45:00+00:00,38,10,1.0,0.001,Hammonds Plains,B3Z
206342,1012997,2021-01-05 12:49:59+00:00,38,10,1.0,0.001,Hammonds Plains,B3Z
206343,1012997,2021-01-05 12:55:00+00:00,38,9,1.0,0.001,Hammonds Plains,B3Z
206344,1012997,2021-01-05 12:59:59+00:00,38,10,1.0,0.001,Hammonds Plains,B3Z
206345,1012997,2021-01-05 13:05:00+00:00,38,10,1.0,0.001,Hammonds Plains,B3Z
206346,1012997,2021-01-05 13:09:59+00:00,38,21,2.0,0.002,Hammonds Plains,B3Z
206347,1012997,2021-01-05 13:15:00+00:00,38,21,2.0,0.002,Hammonds Plains,B3Z
206348,1012997,2021-01-05 13:20:00+00:00,38,21,2.0,0.002,Hammonds Plains,B3Z
206349,1012997,2021-01-05 13:25:00+00:00,38,27,2.0,0.002,Hammonds Plains,B3Z
206350,1012997,2021-01-05 13:30:00+00:00,38,27,2.0,0.002,Hammonds Plains,B3Z
206351,1012997,2021-01-05 13:34:59+00:00,38,26,2.0,0.002,Hammonds Plains,B3Z
206352,1012997,2021-01-05 13:40:00+00:00,38,27,2.0,0.002,Hammonds Plains,B3Z
206353,1012997,2021-01-05 13:44:59+00:00,38,27,2.0,0.002,Hammonds Plains,B3Z
206354,1012997,2021-01-05 13:50:00+00:00,38,25,2.0,0.002,Hammonds Plains,B3Z
206355,1012997,2021-01-05 13:54:59+00:00,37,18,1.0,0.001,Hammonds Plains,B3Z
206356,1012997,2021-01-05 14:00:00+00:00,37,18,1.0,0.001,Hammonds Plains,B3Z
206357,1012997,2021-01-05 14:05:00+00:00,37,17,1.0,0.001,Hammonds Plains,B3Z
206358,1012997,2021-01-05 14:10:00+00:00,37,18,1.0,0.001,Hammonds Plains,B3Z
206359,1012997,2021-01-05 14:15:00+00:00,37,18,1.0,0.001,Hammonds Plains,B3Z
206360,1012997,2021-01-05 14:19:59+00:00,37,17,1.0,0.001,Hammonds Plains,B3Z
206361,1012997,2021-01-05 14:25:00+00:00,37,20,2.0,0.002,Hammonds Plains,B3Z
206362,1012997,2021-01-05 14:29:59+00:00,37,20,2.0,0.002,Hammonds Plains,B3Z
206363,1012997,2021-01-05 14:35:00+00:00,37,19,2.0,0.002,Hammonds Plains,B3Z
206364,1012997,2021-01-05 14:39:59+00:00,37,20,2.0,0.002,Hammonds Plains,B3Z
206365,1012997,2021-01-05 14:45:00+00:00,37,20,2.0,0.002,Hammonds Plains,B3Z
206366,1012997,2021-01-05 14:50:00+00:00,37,19,2.0,0.002,Hammonds Plains,B3Z
206367,1012997,2021-01-05 14:55:00+00:00,36,16,1.0,0.001,Hammonds Plains,B3Z
206368,1012997,2021-01-05 15:00:00+00:00,36,16,1.0,0.001,Hammonds Plains,B3Z
206369,1012997,2021-01-05 15:04:59+00:00,36,15,1.0,0.001,Hammonds Plains,B3Z
206370,1012997,2021-01-05 15:10:00+00:00,1,0,0.0,0.0,Hammonds Plains,B3Z
206371,1012997,2021-01-05 15:14:59+00:00,1,0,0.0,0.0,Hammonds Plains,B3Z
206372,1012997,2021-01-05 15:20:00+00:00,1,0,0.0,0.0,Hammonds Plains,B3Z
206373,1012997,2021-01-06 08:45:00+00:00,4,0,0.0,0.0,Hammonds Plains,B3Z
206374,1012997,2021-01-06 08:50:00+00:00,7,0,0.0,0.0,Hammonds Plains,B3Z
206375,1012997,2021-01-06 08:55:00+00:00,14,0,0.0,0.0,Hammonds Plains,B3Z
206376,1012997,2021-01-06 09:00:00+00:00,14,0,0.0,0.0,Hammonds Plains,B3Z
206377,1012997,2021-01-06 09:04:59+00:00,20,0,0.0,0.0,Hammonds Plains,B3Z
206378,1012997,2021-01-06 09:10:00+00:00,23,1,0.0,0.0,Hammonds Plains,B3Z
206379,1012997,2021-01-06 09:14:59+00:00,27,1,0.0,0.0,Hammonds Plains,B3Z
206380,1012997,2021-01-06 09:20:00+00:00,27,1,0.0,0.0,Hammonds Plains,B3Z
206381,1012997,2021-01-06 09:24:59+00:00,28,1,0.0,0.0,Hammonds Plains,B3Z
206382,1012997,2021-01-06 09:30:00+00:00,32,5,0.0,0.0,Hammonds Plains,B3Z
206383,1012997,2021-01-06 09:35:00+00:00,33,5,0.0,0.0,Hammonds Plains,B3Z
206384,1012997,2021-01-06 09:40:00+00:00,37,5,0.0,0.0,Hammonds Plains,B3Z
206385,1012997,2021-01-06 09:45:00+00:00,37,6,0.0,0.0,Hammonds Plains,B3Z
206386,1012997,2021-01-06 09:49:59+00:00,37,6,1.0,0.001,Hammonds Plains,B3Z
206387,1012997,2021-01-06 09:55:00+00:00,37,6,1.0,0.001,Hammonds Plains,B3Z
206388,1012997,2021-01-06 09:59:59+00:00,37,4,0.0,0.0,Hammonds Plains,B3Z
206389,1012997,2021-01-06 10:05:00+00:00,37,4,0.0,0.0,Hammonds Plains,B3Z
206390,1012997,2021-01-06 10:09:59+00:00,37,4,0.0,0.0,Hammonds Plains,B3Z
206391,1012997,2021-01-06 10:15:00+00:00,37,6,1.0,0.001,Hammonds Plains,B3Z
206392,1012997,2021-01-06 10:20:00+00:00,37,6,1.0,0.001,Hammonds Plains,B3Z
206393,1012997,2021-01-06 10:25:00+00:00,37,6,1.0,0.001,Hammonds Plains,B3Z
206394,1012997,2021-01-06 10:30:00+00:00,37,11,1.0,0.001,Hammonds Plains,B3Z
206395,1012997,2021-01-06 10:34:59+00:00,37,13,1.0,0.001,Hammonds Plains,B3Z
206396,1012997,2021-01-06 10:40:00+00:00,38,15,1.0,0.001,Hammonds Plains,B3Z
206397,1012997,2021-01-06 10:44:59+00:00,38,13,1.0,0.001,Hammonds Plains,B3Z
206398,1012997,2021-01-06 10:50:00+00:00,38,14,1.0,0.001,Hammonds Plains,B3Z
206399,1012997,2021-01-06 10:54:59+00:00,38,14,1.0,0.001,Hammonds Plains,B3Z
206400,1012997,2021-01-06 11:00:00+00:00,38,4,0.0,0.0,Hammonds Plains,B3Z
206401,1012997,2021-01-06 11:05:00+00:00,38,3,0.0,0.0,Hammonds Plains,B3Z
206402,1012997,2021-01-06 11:10:00+00:00,38,3,0.0,0.0,Hammonds Plains,B3Z
206403,1012997,2021-01-06 11:15:00+00:00,38,11,1.0,0.001,Hammonds Plains,B3Z
206404,1012997,2021-01-06 11:19:59+00:00,38,12,1.0,0.001,Hammonds Plains,B3Z
206405,1012997,2021-01-06 11:25:00+00:00,38,12,1.0,0.001,Hammonds Plains,B3Z
206406,1012997,2021-01-06 11:29:59+00:00,38,16,1.0,0.001,Hammonds Plains,B3Z
206407,1012997,2021-01-06 11:35:00+00:00,38,18,1.0,0.001,Hammonds Plains,B3Z
206408,1012997,2021-01-06 11:39:59+00:00,38,18,1.0,0.001,Hammonds Plains,B3Z
206409,1012997,2021-01-06 11:45:00+00:00,38,9,1.0,0.001,Hammonds Plains,B3Z
206410,1012997,2021-01-06 11:50:00+00:00,38,8,1.0,0.001,Hammonds Plains,B3Z
206411,1012997,2021-01-06 11:55:00+00:00,38,8,1.0,0.001,Hammonds Plains,B3Z
206412,1012997,2021-01-06 12:00:00+00:00,38,10,1.0,0.001,Hammonds Plains,B3Z
206413,1012997,2021-01-06 12:04:59+00:00,38,11,1.0,0.001,Hammonds Plains,B3Z
206414,1012997,2021-01-06 12:10:00+00:00,38,12,1.0,0.001,Hammonds Plains,B3Z
206415,1012997,2021-01-06 12:14:59+00:00,38,24,2.0,0.002,Hammonds Plains,B3Z
206416,1012997,2021-01-06 12:20:00+00:00,38,26,2.0,0.002,Hammonds Plains,B3Z
206417,1012997,2021-01-06 12:24:59+00:00,38,26,2.0,0.002,Hammonds Plains,B3Z
206418,1012997,2021-01-06 12:30:00+00:00,38,24,2.0,0.002,Hammonds Plains,B3Z
206419,1012997,2021-01-06 12:35:00+00:00,38,25,2.0,0.002,Hammonds Plains,B3Z
206420,1012997,2021-01-06 12:40:00+00:00,38,25,2.0,0.002,Hammonds Plains,B3Z
206421,1012997,2021-01-06 12:45:00+00:00,38,46,4.0,0.004,Hammonds Plains,B3Z
206422,1012997,2021-01-06 12:49:59+00:00,38,51,4.0,0.004,Hammonds Plains,B3Z
206423,1012997,2021-01-06 12:55:00+00:00,38,51,4.0,0.004,Hammonds Plains,B3Z
206424,1012997,2021-01-06 12:59:59+00:00,38,36,3.0,0.003,Hammonds Plains,B3Z
206425,1012997,2021-01-06 13:05:00+00:00,38,37,3.0,0.003,Hammonds Plains,B3Z
206426,1012997,2021-01-06 13:09:59+00:00,38,37,3.0,0.003,Hammonds Plains,B3Z
206427,1012997,2021-01-06 13:15:00+00:00,38,22,2.0,0.002,Hammonds Plains,B3Z
206428,1012997,2021-01-06 13:20:00+00:00,38,22,2.0,0.002,Hammonds Plains,B3Z
206429,1012997,2021-01-06 13:25:00+00:00,38,22,2.0,0.002,Hammonds Plains,B3Z
206430,1012997,2021-01-06 13:30:00+00:00,38,31,3.0,0.003,Hammonds Plains,B3Z
206431,1012997,2021-01-06 13:34:59+00:00,38,34,3.0,0.003,Hammonds Plains,B3Z
206432,1012997,2021-01-06 13:40:00+00:00,38,34,3.0,0.003,Hammonds Plains,B3Z
206433,1012997,2021-01-06 13:44:59+00:00,38,38,3.0,0.003,Hammonds Plains,B3Z
206434,1012997,2021-01-06 13:50:00+00:00,38,41,3.0,0.003,Hammonds Plains,B3Z
206435,1012997,2021-01-06 13:54:59+00:00,38,41,3.0,0.003,Hammonds Plains,B3Z
206436,1012997,2021-01-06 14:00:00+00:00,38,23,2.0,0.002,Hammonds Plains,B3Z
206437,1012997,2021-01-06 14:05:00+00:00,37,23,2.0,0.002,Hammonds Plains,B3Z
206438,1012997,2021-01-06 14:10:00+00:00,37,23,2.0,0.002,Hammonds Plains,B3Z
206439,1012997,2021-01-06 14:15:00+00:00,37,17,1.0,0.001,Hammonds Plains,B3Z
206440,1012997,2021-01-06 14:19:59+00:00,37,17,1.0,0.001,Hammonds Plains,B3Z
206441,1012997,2021-01-06 14:25:00+00:00,37,17,1.0,0.001,Hammonds Plains,B3Z
206442,1012997,2021-01-06 14:29:59+00:00,37,10,1.0,0.001,Hammonds Plains,B3Z
206443,1012997,2021-01-06 14:35:00+00:00,37,9,1.0,0.001,Hammonds Plains,B3Z
206444,1012997,2021-01-06 14:39:59+00:00,37,9,1.0,0.001,Hammonds Plains,B3Z
206445,1012997,2021-01-06 14:45:00+00:00,37,5,0.0,0.0,Hammonds Plains,B3Z
206446,1012997,2021-01-06 14:50:00+00:00,37,4,0.0,0.0,Hammonds Plains,B3Z
206447,1012997,2021-01-06 14:55:00+00:00,37,4,0.0,0.0,Hammonds Plains,B3Z
206448,1012997,2021-01-06 15:00:00+00:00,37,8,1.0,0.001,Hammonds Plains,B3Z
206449,1012997,2021-01-06 15:04:59+00:00,37,10,1.0,0.001,Hammonds Plains,B3Z
206450,1012997,2021-01-06 15:10:00+00:00,37,10,1.0,0.001,Hammonds Plains,B3Z
206451,1012997,2021-01-06 15:14:59+00:00,37,14,1.0,0.001,Hammonds Plains,B3Z
206452,1012997,2021-01-06 15:20:00+00:00,32,16,1.0,0.001,Hammonds Plains,B3Z
206453,1012997,2021-01-06 15:24:59+00:00,32,16,1.0,0.001,Hammonds Plains,B3Z
206454,1012997,2021-01-06 15:30:00+00:00,32,4,0.0,0.0,Hammonds Plains,B3Z
206455,1012997,2021-01-06 15:35:00+00:00,20,2,0.0,0.0,Hammonds Plains,B3Z
206456,1012997,2021-01-06 15:40:00+00:00,20,2,0.0,0.0,Hammonds Plains,B3Z
206457,1012997,2021-01-06 15:45:00+00:00,20,1,0.0,0.0,Hammonds Plains,B3Z
206458,1012997,2021-01-06 15:49:59+00:00,4,1,0.0,0.0,Hammonds Plains,B3Z
206459,1012997,2021-01-06 15:55:00+00:00,4,1,0.0,0.0,Hammonds Plains,B3Z
206460,1012997,2021-01-07 08:45:00+00:00,5,0,0.0,0.0,Hammonds Plains,B3Z
206461,1012997,2021-01-07 08:50:00+00:00,6,1,0.0,0.0,Hammonds Plains,B3Z
206462,1012997,2021-01-07 08:55:00+00:00,6,1,0.0,0.0,Hammonds Plains,B3Z
206463,1012997,2021-01-07 09:00:00+00:00,10,1,0.0,0.0,Hammonds Plains,B3Z
206464,1012997,2021-01-07 09:04:59+00:00,24,1,0.0,0.0,Hammonds Plains,B3Z
206465,1012997,2021-01-07 09:10:00+00:00,25,1,0.0,0.0,Hammonds Plains,B3Z
206466,1012997,2021-01-07 09:14:59+00:00,30,3,0.0,0.0,Hammonds Plains,B3Z
206467,1012997,2021-01-07 09:20:00+00:00,30,7,1.0,0.001,Hammonds Plains,B3Z
206468,1012997,2021-01-07 09:24:59+00:00,31,8,1.0,0.001,Hammonds Plains,B3Z
206469,1012997,2021-01-07 09:30:00+00:00,35,10,1.0,0.001,Hammonds Plains,B3Z
206470,1012997,2021-01-07 09:35:00+00:00,35,14,1.0,0.001,Hammonds Plains,B3Z
206471,1012997,2021-01-07 09:40:00+00:00,36,14,1.0,0.001,Hammonds Plains,B3Z
206472,1012997,2021-01-07 09:45:00+00:00,36,12,1.0,0.001,Hammonds Plains,B3Z
206473,1012997,2021-01-07 09:49:59+00:00,36,7,1.0,0.001,Hammonds Plains,B3Z
206474,1012997,2021-01-07 09:55:00+00:00,36,7,1.0,0.001,Hammonds Plains,B3Z
206475,1012997,2021-01-07 09:59:59+00:00,38,20,2.0,0.002,Hammonds Plains,B3Z
206476,1012997,2021-01-07 10:05:00+00:00,38,39,3.0,0.003,Hammonds Plains,B3Z
206477,1012997,2021-01-07 10:09:59+00:00,38,39,3.0,0.003,Hammonds Plains,B3Z
206478,1012997,2021-01-07 10:15:00+00:00,38,31,3.0,0.003,Hammonds Plains,B3Z
206479,1012997,2021-01-07 10:20:00+00:00,38,24,2.0,0.002,Hammonds Plains,B3Z
206480,1012997,2021-01-07 10:25:00+00:00,38,24,2.0,0.002,Hammonds Plains,B3Z
206481,1012997,2021-01-07 10:30:00+00:00,38,29,2.0,0.002,Hammonds Plains,B3Z
206482,1012997,2021-01-07 10:34:59+00:00,38,44,4.0,0.004,Hammonds Plains,B3Z
206483,1012997,2021-01-07 10:40:00+00:00,38,44,4.0,0.004,Hammonds Plains,B3Z
206484,1012997,2021-01-07 10:44:59+00:00,38,43,4.0,0.004,Hammonds Plains,B3Z
206485,1012997,2021-01-07 10:50:00+00:00,38,46,4.0,0.004,Hammonds Plains,B3Z
206486,1012997,2021-01-07 10:54:59+00:00,38,46,4.0,0.004,Hammonds Plains,B3Z
206487,1012997,2021-01-07 11:00:00+00:00,38,45,4.0,0.004,Hammonds Plains,B3Z
206488,1012997,2021-01-07 11:05:00+00:00,38,51,4.0,0.004,Hammonds Plains,B3Z
206489,1012997,2021-01-07 11:10:00+00:00,38,51,4.0,0.004,Hammonds Plains,B3Z
206490,1012997,2021-01-07 11:15:00+00:00,38,54,5.0,0.005,Hammonds Plains,B3Z
206491,1012997,2021-01-07 11:19:59+00:00,38,69,6.0,0.006,Hammonds Plains,B3Z
206492,1012997,2021-01-07 11:25:00+00:00,38,69,6.0,0.006,Hammonds Plains,B3Z
206493,1012997,2021-01-07 11:29:59+00:00,38,68,6.0,0.006,Hammonds Plains,B3Z
206494,1012997,2021-01-07 11:35:00+00:00,38,80,7.0,0.007,Hammonds Plains,B3Z
206495,1012997,2021-01-07 11:39:59+00:00,38,80,7.0,0.007,Hammonds Plains,B3Z
206496,1012997,2021-01-07 11:45:00+00:00,38,77,6.0,0.006,Hammonds Plains,B3Z
206497,1012997,2021-01-07 11:50:00+00:00,38,85,7.0,0.007,Hammonds Plains,B3Z
206498,1012997,2021-01-07 11:55:00+00:00,38,85,7.0,0.007,Hammonds Plains,B3Z
206499,1012997,2021-01-07 12:00:00+00:00,38,81,7.0,0.007,Hammonds Plains,B3Z
206500,1012997,2021-01-07 12:04:59+00:00,38,88,7.0,0.007,Hammonds Plains,B3Z
206501,1012997,2021-01-07 12:10:00+00:00,38,88,7.0,0.007,Hammonds Plains,B3Z
206502,1012997,2021-01-07 12:14:59+00:00,38,80,7.0,0.007,Hammonds Plains,B3Z
206503,1012997,2021-01-07 12:20:00+00:00,38,78,7.0,0.007,Hammonds Plains,B3Z
206504,1012997,2021-01-07 12:24:59+00:00,38,78,7.0,0.007,Hammonds Plains,B3Z
206505,1012997,2021-01-07 12:30:00+00:00,38,68,6.0,0.006,Hammonds Plains,B3Z
206506,1012997,2021-01-07 12:35:00+00:00,38,59,5.0,0.005,Hammonds Plains,B3Z
206507,1012997,2021-01-07 12:40:00+00:00,38,60,5.0,0.005,Hammonds Plains,B3Z
206508,1012997,2021-01-07 12:45:00+00:00,38,55,5.0,0.005,Hammonds Plains,B3Z
206509,1012997,2021-01-07 12:49:59+00:00,38,54,5.0,0.005,Hammonds Plains,B3Z
206510,1012997,2021-01-07 12:55:00+00:00,38,55,5.0,0.005,Hammonds Plains,B3Z
206511,1012997,2021-01-07 12:59:59+00:00,38,53,4.0,0.004,Hammonds Plains,B3Z
206512,1012997,2021-01-07 13:05:00+00:00,38,60,5.0,0.005,Hammonds Plains,B3Z
206513,1012997,2021-01-07 13:09:59+00:00,38,60,5.0,0.005,Hammonds Plains,B3Z
206514,1012997,2021-01-07 13:15:00+00:00,38,56,5.0,0.005,Hammonds Plains,B3Z
206515,1012997,2021-01-07 13:20:00+00:00,38,58,5.0,0.005,Hammonds Plains,B3Z
206516,1012997,2021-01-07 13:25:00+00:00,38,58,5.0,0.005,Hammonds Plains,B3Z
206517,1012997,2021-01-07 13:30:00+00:00,38,57,5.0,0.005,Hammonds Plains,B3Z
206518,1012997,2021-01-07 13:34:59+00:00,38,60,5.0,0.005,Hammonds Plains,B3Z
206519,1012997,2021-01-07 13:40:00+00:00,38,60,5.0,0.005,Hammonds Plains,B3Z
206520,1012997,2021-01-07 13:44:59+00:00,38,56,5.0,0.005,Hammonds Plains,B3Z
206521,1012997,2021-01-07 13:50:00+00:00,38,56,5.0,0.005,Hammonds Plains,B3Z
206522,1012997,2021-01-07 13:54:59+00:00,38,56,5.0,0.005,Hammonds Plains,B3Z
206523,1012997,2021-01-07 14:00:00+00:00,38,45,4.0,0.004,Hammonds Plains,B3Z
206524,1012997,2021-01-07 14:05:00+00:00,38,33,3.0,0.003,Hammonds Plains,B3Z
206525,1012997,2021-01-07 14:10:00+00:00,38,33,3.0,0.003,Hammonds Plains,B3Z
206526,1012997,2021-01-07 14:15:00+00:00,38,29,2.0,0.002,Hammonds Plains,B3Z
206527,1012997,2021-01-07 14:19:59+00:00,36,25,2.0,0.002,Hammonds Plains,B3Z
206528,1012997,2021-01-07 14:25:00+00:00,36,25,2.0,0.002,Hammonds Plains,B3Z
206529,1012997,2021-01-07 14:29:59+00:00,36,22,2.0,0.002,Hammonds Plains,B3Z
206530,1012997,2021-01-07 14:35:00+00:00,31,15,1.0,0.001,Hammonds Plains,B3Z
206531,1012997,2021-01-07 14:39:59+00:00,31,15,1.0,0.001,Hammonds Plains,B3Z
206532,1012997,2021-01-07 14:45:00+00:00,31,11,1.0,0.001,Hammonds Plains,B3Z
206533,1012997,2021-01-07 14:50:00+00:00,25,4,0.0,0.0,Hammonds Plains,B3Z
206534,1012997,2021-01-07 14:55:00+00:00,25,4,0.0,0.0,Hammonds Plains,B3Z
206535,1012997,2021-01-07 15:00:00+00:00,25,3,0.0,0.0,Hammonds Plains,B3Z
206536,1012997,2021-01-07 15:04:59+00:00,21,1,0.0,0.0,Hammonds Plains,B3Z
206537,1012997,2021-01-07 15:10:00+00:00,21,1,0.0,0.0,Hammonds Plains,B3Z
206538,1012997,2021-01-07 15:14:59+00:00,21,2,0.0,0.0,Hammonds Plains,B3Z
206539,1012997,2021-01-07 15:20:00+00:00,17,2,0.0,0.0,Hammonds Plains,B3Z
206540,1012997,2021-01-07 15:24:59+00:00,17,2,0.0,0.0,Hammonds Plains,B3Z
206541,1012997,2021-01-08 08:55:00+00:00,1,0,0.0,0.0,Hammonds Plains,B3Z
206542,1012997,2021-01-08 09:00:00+00:00,1,0,0.0,0.0,Hammonds Plains,B3Z
206543,1012997,2021-01-08 09:04:59+00:00,1,0,0.0,0.0,Hammonds Plains,B3Z
206544,1012997,2021-01-08 09:10:00+00:00,1,0,0.0,0.0,Hammonds Plains,B3Z
206545,1012997,2021-01-08 09:14:59+00:00,1,0,0.0,0.0,Hammonds Plains,B3Z
206546,1012997,2021-01-08 09:20:00+00:00,1,0,0.0,0.0,Hammonds Plains,B3Z
206547,1012997,2021-01-08 09:24:59+00:00,15,3,0.0,0.0,Hammonds Plains,B3Z
206548,1012997,2021-01-08 09:30:00+00:00,31,9,1.0,0.001,Hammonds Plains,B3Z
206549,1012997,2021-01-08 09:35:00+00:00,32,10,1.0,0.001,Hammonds Plains,B3Z
206550,1012997,2021-01-08 09:40:00+00:00,32,11,1.0,0.001,Hammonds Plains,B3Z
206551,1012997,2021-01-08 09:45:00+00:00,33,11,1.0,0.001,Hammonds Plains,B3Z
206552,1012997,2021-01-08 09:49:59+00:00,37,16,1.0,0.001,Hammonds Plains,B3Z
206553,1012997,2021-01-08 09:55:00+00:00,38,17,1.0,0.001,Hammonds Plains,B3Z
206554,1012997,2021-01-08 09:59:59+00:00,38,17,1.0,0.001,Hammonds Plains,B3Z
206555,1012997,2021-01-08 10:05:00+00:00,38,16,1.0,0.001,Hammonds Plains,B3Z
206556,1012997,2021-01-08 10:09:59+00:00,38,17,1.0,0.001,Hammonds Plains,B3Z
206557,1012997,2021-01-08 10:15:00+00:00,38,17,1.0,0.001,Hammonds Plains,B3Z
206558,1012997,2021-01-08 10:20:00+00:00,38,18,2.0,0.002,Hammonds Plains,B3Z
206559,1012997,2021-01-08 10:25:00+00:00,38,19,2.0,0.002,Hammonds Plains,B3Z
206560,1012997,2021-01-08 10:30:00+00:00,38,19,2.0,0.002,Hammonds Plains,B3Z
206561,1012997,2021-01-08 10:34:59+00:00,38,25,2.0,0.002,Hammonds Plains,B3Z
206562,1012997,2021-01-08 10:40:00+00:00,38,27,2.0,0.002,Hammonds Plains,B3Z
206563,1012997,2021-01-08 10:44:59+00:00,38,27,2.0,0.002,Hammonds Plains,B3Z
206564,1012997,2021-01-08 10:50:00+00:00,38,41,3.0,0.003,Hammonds Plains,B3Z
206565,1012997,2021-01-08 10:54:59+00:00,38,44,4.0,0.004,Hammonds Plains,B3Z
206566,1012997,2021-01-08 11:00:00+00:00,38,43,4.0,0.004,Hammonds Plains,B3Z
206567,1012997,2021-01-08 11:05:00+00:00,38,71,6.0,0.006,Hammonds Plains,B3Z
206568,1012997,2021-01-08 11:10:00+00:00,38,76,6.0,0.006,Hammonds Plains,B3Z
206569,1012997,2021-01-08 11:15:00+00:00,38,76,6.0,0.006,Hammonds Plains,B3Z
206570,1012997,2021-01-08 11:19:59+00:00,38,62,5.0,0.005,Hammonds Plains,B3Z
206571,1012997,2021-01-08 11:25:00+00:00,38,65,5.0,0.005,Hammonds Plains,B3Z
206572,1012997,2021-01-08 11:29:59+00:00,38,65,5.0,0.005,Hammonds Plains,B3Z
206573,1012997,2021-01-08 11:35:00+00:00,38,62,5.0,0.005,Hammonds Plains,B3Z
206574,1012997,2021-01-08 11:39:59+00:00,38,66,5.0,0.005,Hammonds Plains,B3Z
206575,1012997,2021-01-08 11:45:00+00:00,38,66,5.0,0.005,Hammonds Plains,B3Z
206576,1012997,2021-01-08 11:50:00+00:00,38,45,4.0,0.004,Hammonds Plains,B3Z
206577,1012997,2021-01-08 11:55:00+00:00,38,47,4.0,0.004,Hammonds Plains,B3Z
206578,1012997,2021-01-08 12:00:00+00:00,38,47,4.0,0.004,Hammonds Plains,B3Z
206579,1012997,2021-01-08 12:04:59+00:00,38,40,3.0,0.003,Hammonds Plains,B3Z
206580,1012997,2021-01-08 12:10:00+00:00,38,41,3.0,0.003,Hammonds Plains,B3Z
206581,1012997,2021-01-08 12:14:59+00:00,38,41,3.0,0.003,Hammonds Plains,B3Z
206582,1012997,2021-01-08 12:20:00+00:00,38,25,2.0,0.002,Hammonds Plains,B3Z
206583,1012997,2021-01-08 12:24:59+00:00,38,26,2.0,0.002,Hammonds Plains,B3Z
206584,1012997,2021-01-08 12:30:00+00:00,38,26,2.0,0.002,Hammonds Plains,B3Z
206585,1012997,2021-01-08 12:35:00+00:00,38,26,2.0,0.002,Hammonds Plains,B3Z
206586,1012997,2021-01-08 12:40:00+00:00,38,27,2.0,0.002,Hammonds Plains,B3Z
206587,1012997,2021-01-08 12:45:00+00:00,38,27,2.0,0.002,Hammonds Plains,B3Z
206588,1012997,2021-01-08 12:49:59+00:00,38,16,1.0,0.001,Hammonds Plains,B3Z
206589,1012997,2021-01-08 12:55:00+00:00,38,16,1.0,0.001,Hammonds Plains,B3Z
206590,1012997,2021-01-08 12:59:59+00:00,38,16,1.0,0.001,Hammonds Plains,B3Z
206591,1012997,2021-01-08 13:05:00+00:00,38,12,1.0,0.001,Hammonds Plains,B3Z
206592,1012997,2021-01-08 13:09:59+00:00,38,12,1.0,0.001,Hammonds Plains,B3Z
206593,1012997,2021-01-08 13:15:00+00:00,38,12,1.0,0.001,Hammonds Plains,B3Z
206594,1012997,2021-01-08 13:20:00+00:00,38,17,1.0,0.001,Hammonds Plains,B3Z
206595,1012997,2021-01-08 13:25:00+00:00,38,18,1.0,0.001,Hammonds Plains,B3Z
206596,1012997,2021-01-08 13:30:00+00:00,38,18,1.0,0.001,Hammonds Plains,B3Z
206597,1012997,2021-01-08 13:34:59+00:00,38,16,1.0,0.001,Hammonds Plains,B3Z
206598,1012997,2021-01-08 13:40:00+00:00,37,16,1.0,0.001,Hammonds Plains,B3Z
206599,1012997,2021-01-08 13:44:59+00:00,37,16,1.0,0.001,Hammonds Plains,B3Z
206600,1012997,2021-01-08 13:50:00+00:00,37,13,1.0,0.001,Hammonds Plains,B3Z
206601,1012997,2021-01-08 13:54:59+00:00,37,13,1.0,0.001,Hammonds Plains,B3Z
206602,1012997,2021-01-08 14:00:00+00:00,37,13,1.0,0.001,Hammonds Plains,B3Z
206603,1012997,2021-01-08 14:05:00+00:00,37,12,1.0,0.001,Hammonds Plains,B3Z
206604,1012997,2021-01-08 14:10:00+00:00,37,13,1.0,0.001,Hammonds Plains,B3Z
206605,1012997,2021-01-08 14:15:00+00:00,37,13,1.0,0.001,Hammonds Plains,B3Z
206606,1012997,2021-01-08 14:19:59+00:00,37,6,0.0,0.0,Hammonds Plains,B3Z
206607,1012997,2021-01-08 14:25:00+00:00,26,5,0.0,0.0,Hammonds Plains,B3Z
206608,1012997,2021-01-08 14:29:59+00:00,26,5,0.0,0.0,Hammonds Plains,B3Z
206609,1012997,2021-01-08 14:35:00+00:00,26,2,0.0,0.0,Hammonds Plains,B3Z
206610,1012997,2021-01-08 14:39:59+00:00,14,1,0.0,0.0,Hammonds Plains,B3Z
206611,1012997,2021-01-08 14:45:00+00:00,14,1,0.0,0.0,Hammonds Plains,B3Z
206612,1012997,2021-01-08 14:50:00+00:00,14,1,0.0,0.0,Hammonds Plains,B3Z
206613,1012997,2021-01-08 14:55:00+00:00,11,1,0.0,0.0,Hammonds Plains,B3Z
206614,1012997,2021-01-08 15:00:00+00:00,11,1,0.0,0.0,Hammonds Plains,B3Z
206615,1012997,2021-01-08 15:04:59+00:00,11,1,0.0,0.0,Hammonds Plains,B3Z
206616,1012997,2021-01-08 15:10:00+00:00,2,1,0.0,0.0,Hammonds Plains,B3Z
206617,1012997,2021-01-08 15:14:59+00:00,2,1,0.0,0.0,Hammonds Plains,B3Z
206618,1012997,2021-01-08 15:20:00+00:00,2,1,0.0,0.0,Hammonds Plains,B3Z
206619,1012997,2021-01-08 15:24:59+00:00,1,0,0.0,0.0,Hammonds Plains,B3Z
206620,1012997,2021-01-08 15:30:00+00:00,1,0,0.0,0.0,Hammonds Plains,B3Z
206621,1012997,2021-01-09 08:35:00+00:00,2,0,0.0,0.0,Hammonds Plains,B3Z
206622,1012997,2021-01-09 08:39:59+00:00,4,0,0.0,0.0,Hammonds Plains,B3Z
206623,1012997,2021-01-09 08:45:00+00:00,10,0,0.0,0.0,Hammonds Plains,B3Z
206624,1012997,2021-01-09 08:50:00+00:00,18,1,0.0,0.0,Hammonds Plains,B3Z
206625,1012997,2021-01-09 08:55:00+00:00,33,5,0.0,0.0,Hammonds Plains,B3Z
206626,1012997,2021-01-09 09:00:00+00:00,33,6,0.0,0.0,Hammonds Plains,B3Z
206627,1012997,2021-01-09 09:04:59+00:00,37,6,1.0,0.001,Hammonds Plains,B3Z
206628,1012997,2021-01-09 09:10:00+00:00,37,11,1.0,0.001,Hammonds Plains,B3Z
206629,1012997,2021-01-09 09:14:59+00:00,38,11,1.0,0.001,Hammonds Plains,B3Z
206630,1012997,2021-01-09 09:20:00+00:00,38,12,1.0,0.001,Hammonds Plains,B3Z
206631,1012997,2021-01-09 09:24:59+00:00,38,13,1.0,0.001,Hammonds Plains,B3Z
206632,1012997,2021-01-09 09:30:00+00:00,38,13,1.0,0.001,Hammonds Plains,B3Z
206633,1012997,2021-01-09 09:35:00+00:00,38,17,1.0,0.001,Hammonds Plains,B3Z
206634,1012997,2021-01-09 09:40:00+00:00,38,25,2.0,0.002,Hammonds Plains,B3Z
206635,1012997,2021-01-09 09:45:00+00:00,38,25,2.0,0.002,Hammonds Plains,B3Z
206636,1012997,2021-01-09 09:49:59+00:00,38,27,2.0,0.002,Hammonds Plains,B3Z
206637,1012997,2021-01-09 09:55:00+00:00,38,35,3.0,0.003,Hammonds Plains,B3Z
206638,1012997,2021-01-09 09:59:59+00:00,38,35,3.0,0.003,Hammonds Plains,B3Z
206639,1012997,2021-01-09 10:05:00+00:00,38,40,3.0,0.003,Hammonds Plains,B3Z
206640,1012997,2021-01-09 10:09:59+00:00,38,51,4.0,0.004,Hammonds Plains,B3Z
206641,1012997,2021-01-09 10:15:00+00:00,38,52,4.0,0.004,Hammonds Plains,B3Z
206642,1012997,2021-01-09 10:20:00+00:00,38,60,5.0,0.005,Hammonds Plains,B3Z
206643,1012997,2021-01-09 10:25:00+00:00,38,81,7.0,0.007,Hammonds Plains,B3Z
206644,1012997,2021-01-09 10:30:00+00:00,38,85,7.0,0.007,Hammonds Plains,B3Z
206645,1012997,2021-01-09 10:34:59+00:00,38,92,8.0,0.008,Hammonds Plains,B3Z
206646,1012997,2021-01-09 10:40:00+00:00,38,115,10.0,0.01,Hammonds Plains,B3Z
206647,1012997,2021-01-09 10:44:59+00:00,38,115,10.0,0.01,Hammonds Plains,B3Z
206648,1012997,2021-01-09 10:50:00+00:00,38,111,9.0,0.009,Hammonds Plains,B3Z
206649,1012997,2021-01-09 10:54:59+00:00,38,116,10.0,0.01,Hammonds Plains,B3Z
206650,1012997,2021-01-09 11:00:00+00:00,38,116,10.0,0.01,Hammonds Plains,B3Z
206651,1012997,2021-01-09 11:05:00+00:00,38,113,9.0,0.009,Hammonds Plains,B3Z
206652,1012997,2021-01-09 11:10:00+00:00,38,127,11.0,0.011,Hammonds Plains,B3Z
206653,1012997,2021-01-09 11:15:00+00:00,38,127,11.0,0.011,Hammonds Plains,B3Z
206654,1012997,2021-01-09 11:19:59+00:00,38,128,11.0,0.011,Hammonds Plains,B3Z
206655,1012997,2021-01-09 11:25:00+00:00,38,151,13.0,0.013,Hammonds Plains,B3Z
206656,1012997,2021-01-09 11:29:59+00:00,38,151,13.0,0.013,Hammonds Plains,B3Z
206657,1012997,2021-01-09 11:35:00+00:00,38,150,13.0,0.013,Hammonds Plains,B3Z
206658,1012997,2021-01-09 11:39:59+00:00,38,180,15.0,0.015,Hammonds Plains,B3Z
206659,1012997,2021-01-09 11:45:00+00:00,38,180,15.0,0.015,Hammonds Plains,B3Z
206660,1012997,2021-01-09 11:50:00+00:00,38,163,14.0,0.014,Hammonds Plains,B3Z
206661,1012997,2021-01-09 11:55:00+00:00,38,173,14.0,0.014,Hammonds Plains,B3Z
206662,1012997,2021-01-09 12:00:00+00:00,38,173,14.0,0.014,Hammonds Plains,B3Z
206663,1012997,2021-01-09 12:04:59+00:00,38,177,15.0,0.015,Hammonds Plains,B3Z
206664,1012997,2021-01-09 12:10:00+00:00,38,214,18.0,0.018,Hammonds Plains,B3Z
206665,1012997,2021-01-09 12:14:59+00:00,38,214,18.0,0.018,Hammonds Plains,B3Z
206666,1012997,2021-01-09 12:20:00+00:00,38,205,17.0,0.017,Hammonds Plains,B3Z
206667,1012997,2021-01-09 12:24:59+00:00,38,225,19.0,0.019,Hammonds Plains,B3Z
206668,1012997,2021-01-09 12:30:00+00:00,38,225,19.0,0.019,Hammonds Plains,B3Z
206669,1012997,2021-01-09 12:35:00+00:00,38,220,18.0,0.018,Hammonds Plains,B3Z
206670,1012997,2021-01-09 12:40:00+00:00,38,239,20.0,0.02,Hammonds Plains,B3Z
206671,1012997,2021-01-09 12:45:00+00:00,38,239,20.0,0.02,Hammonds Plains,B3Z
206672,1012997,2021-01-09 12:49:59+00:00,38,219,18.0,0.018,Hammonds Plains,B3Z
206673,1012997,2021-01-09 12:55:00+00:00,38,223,19.0,0.019,Hammonds Plains,B3Z
206674,1012997,2021-01-09 12:59:59+00:00,38,223,19.0,0.019,Hammonds Plains,B3Z
206675,1012997,2021-01-09 13:05:00+00:00,38,189,16.0,0.016,Hammonds Plains,B3Z
206676,1012997,2021-01-09 13:09:59+00:00,38,168,14.0,0.014,Hammonds Plains,B3Z
206677,1012997,2021-01-09 13:15:00+00:00,38,168,14.0,0.014,Hammonds Plains,B3Z
206678,1012997,2021-01-09 13:20:00+00:00,38,150,13.0,0.013,Hammonds Plains,B3Z
206679,1012997,2021-01-09 13:25:00+00:00,38,142,12.0,0.012,Hammonds Plains,B3Z
206680,1012997,2021-01-09 13:30:00+00:00,38,142,12.0,0.012,Hammonds Plains,B3Z
206681,1012997,2021-01-09 13:34:59+00:00,38,127,11.0,0.011,Hammonds Plains,B3Z
206682,1012997,2021-01-09 13:40:00+00:00,38,119,10.0,0.01,Hammonds Plains,B3Z
206683,1012997,2021-01-09 13:44:59+00:00,38,119,10.0,0.01,Hammonds Plains,B3Z
206684,1012997,2021-01-09 13:50:00+00:00,38,98,8.0,0.008,Hammonds Plains,B3Z
206685,1012997,2021-01-09 13:54:59+00:00,35,75,6.0,0.006,Hammonds Plains,B3Z
206686,1012997,2021-01-09 14:00:00+00:00,35,75,6.0,0.006,Hammonds Plains,B3Z
206687,1012997,2021-01-09 14:05:00+00:00,35,58,5.0,0.005,Hammonds Plains,B3Z
206688,1012997,2021-01-09 14:10:00+00:00,22,35,3.0,0.003,Hammonds Plains,B3Z
206689,1012997,2021-01-09 14:15:00+00:00,22,35,3.0,0.003,Hammonds Plains,B3Z
206690,1012997,2021-01-09 14:19:59+00:00,22,28,2.0,0.002,Hammonds Plains,B3Z
206691,1012997,2021-01-09 14:25:00+00:00,17,18,2.0,0.002,Hammonds Plains,B3Z
206692,1012997,2021-01-09 14:29:59+00:00,17,18,2.0,0.002,Hammonds Plains,B3Z
206693,1012997,2021-01-09 14:35:00+00:00,17,13,1.0,0.001,Hammonds Plains,B3Z
206694,1012997,2021-01-09 14:39:59+00:00,15,5,0.0,0.0,Hammonds Plains,B3Z
206695,1012997,2021-01-09 14:45:00+00:00,15,5,0.0,0.0,Hammonds Plains,B3Z
206696,1012997,2021-01-09 14:50:00+00:00,15,4,0.0,0.0,Hammonds Plains,B3Z
206697,1012997,2021-01-09 14:55:00+00:00,15,1,0.0,0.0,Hammonds Plains,B3Z
206698,1012997,2021-01-09 15:00:00+00:00,14,1,0.0,0.0,Hammonds Plains,B3Z
206699,1012997,2021-01-09 15:04:59+00:00,14,1,0.0,0.0,Hammonds Plains,B3Z
206700,1012997,2021-01-09 15:10:00+00:00,13,1,0.0,0.0,Hammonds Plains,B3Z
206701,1012997,2021-01-09 15:14:59+00:00,13,1,0.0,0.0,Hammonds Plains,B3Z
206702,1012997,2021-01-09 15:20:00+00:00,13,1,0.0,0.0,Hammonds Plains,B3Z
206703,1012997,2021-01-09 15:24:59+00:00,13,1,0.0,0.0,Hammonds Plains,B3Z
206704,1012997,2021-01-09 15:30:00+00:00,12,1,0.0,0.0,Hammonds Plains,B3Z
206705,1012997,2021-01-09 15:35:00+00:00,12,1,0.0,0.0,Hammonds Plains,B3Z
206706,1012997,2021-01-09 15:40:00+00:00,5,1,0.0,0.0,Hammonds Plains,B3Z
206707,1012997,2021-01-09 15:45:00+00:00,2,1,0.0,0.0,Hammonds Plains,B3Z
206708,1012997,2021-01-09 15:49:59+00:00,2,1,0.0,0.0,Hammonds Plains,B3Z
206709,1012997,2021-01-09 15:55:00+00:00,2,1,0.0,0.0,Hammonds Plains,B3Z
206710,1012997,2021-01-09 15:59:59+00:00,2,1,0.0,0.0,Hammonds Plains,B3Z
206711,1012997,2021-01-09 16:05:00+00:00,2,1,0.0,0.0,Hammonds Plains,B3Z
206712,1012997,2021-01-09 16:09:59+00:00,2,1,0.0,0.0,Hammonds Plains,B3Z
206713,1012997,2021-01-09 16:15:00+00:00,2,1,0.0,0.0,Hammonds Plains,B3Z
206714,1012997,2021-01-10 08:50:00+00:00,1,0,0.0,0.0,Hammonds Plains,B3Z
206715,1012997,2021-01-10 08:55:00+00:00,6,1,0.0,0.0,Hammonds Plains,B3Z
206716,1012997,2021-01-10 09:00:00+00:00,15,1,0.0,0.0,Hammonds Plains,B3Z
206717,1012997,2021-01-10 09:04:59+00:00,25,2,0.0,0.0,Hammonds Plains,B3Z
206718,1012997,2021-01-10 09:10:00+00:00,28,3,0.0,0.0,Hammonds Plains,B3Z
206719,1012997,2021-01-10 09:14:59+00:00,28,4,0.0,0.0,Hammonds Plains,B3Z
206720,1012997,2021-01-10 09:20:00+00:00,28,4,0.0,0.0,Hammonds Plains,B3Z
206721,1012997,2021-01-10 09:24:59+00:00,28,6,1.0,0.001,Hammonds Plains,B3Z
206722,1012997,2021-01-10 09:30:00+00:00,28,7,1.0,0.001,Hammonds Plains,B3Z
206723,1012997,2021-01-10 09:35:00+00:00,29,7,1.0,0.001,Hammonds Plains,B3Z
206724,1012997,2021-01-10 09:40:00+00:00,36,25,2.0,0.002,Hammonds Plains,B3Z
206725,1012997,2021-01-10 09:45:00+00:00,38,32,3.0,0.003,Hammonds Plains,B3Z
206726,1012997,2021-01-10 09:49:59+00:00,38,32,3.0,0.003,Hammonds Plains,B3Z
206727,1012997,2021-01-10 09:55:00+00:00,38,43,4.0,0.004,Hammonds Plains,B3Z
206728,1012997,2021-01-10 09:59:59+00:00,38,46,4.0,0.004,Hammonds Plains,B3Z
206729,1012997,2021-01-10 10:05:00+00:00,38,46,4.0,0.004,Hammonds Plains,B3Z
206730,1012997,2021-01-10 10:09:59+00:00,38,31,3.0,0.003,Hammonds Plains,B3Z
206731,1012997,2021-01-10 10:15:00+00:00,38,32,3.0,0.003,Hammonds Plains,B3Z
206732,1012997,2021-01-10 10:20:00+00:00,38,32,3.0,0.003,Hammonds Plains,B3Z
206733,1012997,2021-01-10 10:25:00+00:00,38,26,2.0,0.002,Hammonds Plains,B3Z
206734,1012997,2021-01-10 10:30:00+00:00,38,27,2.0,0.002,Hammonds Plains,B3Z
206735,1012997,2021-01-10 10:34:59+00:00,38,27,2.0,0.002,Hammonds Plains,B3Z
206736,1012997,2021-01-10 10:40:00+00:00,38,26,2.0,0.002,Hammonds Plains,B3Z
206737,1012997,2021-01-10 10:44:59+00:00,38,27,2.0,0.002,Hammonds Plains,B3Z
206738,1012997,2021-01-10 10:50:00+00:00,38,27,2.0,0.002,Hammonds Plains,B3Z
206739,1012997,2021-01-10 10:54:59+00:00,38,41,3.0,0.003,Hammonds Plains,B3Z
206740,1012997,2021-01-10 11:00:00+00:00,38,44,4.0,0.004,Hammonds Plains,B3Z
206741,1012997,2021-01-10 11:05:00+00:00,38,44,4.0,0.004,Hammonds Plains,B3Z
206742,1012997,2021-01-10 11:10:00+00:00,38,41,3.0,0.003,Hammonds Plains,B3Z
206743,1012997,2021-01-10 11:15:00+00:00,38,43,4.0,0.004,Hammonds Plains,B3Z
206744,1012997,2021-01-10 11:19:59+00:00,38,43,4.0,0.004,Hammonds Plains,B3Z
206745,1012997,2021-01-10 11:25:00+00:00,38,46,4.0,0.004,Hammonds Plains,B3Z
206746,1012997,2021-01-10 11:29:59+00:00,38,49,4.0,0.004,Hammonds Plains,B3Z
206747,1012997,2021-01-10 11:35:00+00:00,38,49,4.0,0.004,Hammonds Plains,B3Z
206748,1012997,2021-01-10 11:39:59+00:00,38,52,4.0,0.004,Hammonds Plains,B3Z
206749,1012997,2021-01-10 11:45:00+00:00,38,56,5.0,0.005,Hammonds Plains,B3Z
206750,1012997,2021-01-10 11:50:00+00:00,38,55,5.0,0.005,Hammonds Plains,B3Z
206751,1012997,2021-01-10 11:55:00+00:00,38,72,6.0,0.006,Hammonds Plains,B3Z
206752,1012997,2021-01-10 12:00:00+00:00,38,77,6.0,0.006,Hammonds Plains,B3Z
206753,1012997,2021-01-10 12:04:59+00:00,38,77,6.0,0.006,Hammonds Plains,B3Z
206754,1012997,2021-01-10 12:10:00+00:00,38,84,7.0,0.007,Hammonds Plains,B3Z
206755,1012997,2021-01-10 12:14:59+00:00,38,90,8.0,0.008,Hammonds Plains,B3Z
206756,1012997,2021-01-10 12:20:00+00:00,38,90,8.0,0.008,Hammonds Plains,B3Z
206757,1012997,2021-01-10 12:24:59+00:00,38,103,9.0,0.009,Hammonds Plains,B3Z
206758,1012997,2021-01-10 12:30:00+00:00,38,111,9.0,0.009,Hammonds Plains,B3Z
206759,1012997,2021-01-10 12:35:00+00:00,38,111,9.0,0.009,Hammonds Plains,B3Z
206760,1012997,2021-01-10 12:40:00+00:00,38,98,8.0,0.008,Hammonds Plains,B3Z
206761,1012997,2021-01-10 12:45:00+00:00,38,104,9.0,0.009,Hammonds Plains,B3Z
206762,1012997,2021-01-10 12:49:59+00:00,38,104,9.0,0.009,Hammonds Plains,B3Z
206763,1012997,2021-01-10 12:55:00+00:00,38,65,5.0,0.005,Hammonds Plains,B3Z
206764,1012997,2021-01-10 12:59:59+00:00,38,65,5.0,0.005,Hammonds Plains,B3Z
206765,1012997,2021-01-10 13:05:00+00:00,38,65,5.0,0.005,Hammonds Plains,B3Z
206766,1012997,2021-01-10 13:09:59+00:00,38,60,5.0,0.005,Hammonds Plains,B3Z
206767,1012997,2021-01-10 13:15:00+00:00,38,64,5.0,0.005,Hammonds Plains,B3Z
206768,1012997,2021-01-10 13:20:00+00:00,38,64,5.0,0.005,Hammonds Plains,B3Z
206769,1012997,2021-01-10 13:25:00+00:00,38,52,4.0,0.004,Hammonds Plains,B3Z
206770,1012997,2021-01-10 13:30:00+00:00,38,54,4.0,0.004,Hammonds Plains,B3Z
206771,1012997,2021-01-10 13:34:59+00:00,38,54,4.0,0.004,Hammonds Plains,B3Z
206772,1012997,2021-01-10 13:40:00+00:00,38,46,4.0,0.004,Hammonds Plains,B3Z
206773,1012997,2021-01-10 13:44:59+00:00,38,49,4.0,0.004,Hammonds Plains,B3Z
206774,1012997,2021-01-10 13:50:00+00:00,38,49,4.0,0.004,Hammonds Plains,B3Z
206775,1012997,2021-01-10 13:54:59+00:00,38,47,4.0,0.004,Hammonds Plains,B3Z
206776,1012997,2021-01-10 14:00:00+00:00,38,50,4.0,0.004,Hammonds Plains,B3Z
206777,1012997,2021-01-10 14:05:00+00:00,38,50,4.0,0.004,Hammonds Plains,B3Z
206778,1012997,2021-01-10 14:10:00+00:00,38,48,4.0,0.004,Hammonds Plains,B3Z
206779,1012997,2021-01-10 14:15:00+00:00,38,50,4.0,0.004,Hammonds Plains,B3Z
206780,1012997,2021-01-10 14:19:59+00:00,38,50,4.0,0.004,Hammonds Plains,B3Z
206781,1012997,2021-01-10 14:25:00+00:00,38,40,3.0,0.003,Hammonds Plains,B3Z
206782,1012997,2021-01-10 14:29:59+00:00,38,42,3.0,0.003,Hammonds Plains,B3Z
206783,1012997,2021-01-10 14:35:00+00:00,38,42,3.0,0.003,Hammonds Plains,B3Z
206784,1012997,2021-01-10 14:39:59+00:00,38,30,3.0,0.003,Hammonds Plains,B3Z
206785,1012997,2021-01-10 14:45:00+00:00,38,31,3.0,0.003,Hammonds Plains,B3Z
206786,1012997,2021-01-10 14:50:00+00:00,38,31,3.0,0.003,Hammonds Plains,B3Z
206787,1012997,2021-01-10 14:55:00+00:00,38,21,2.0,0.002,Hammonds Plains,B3Z
206788,1012997,2021-01-10 15:00:00+00:00,38,21,2.0,0.002,Hammonds Plains,B3Z
206789,1012997,2021-01-10 15:04:59+00:00,38,21,2.0,0.002,Hammonds Plains,B3Z
206790,1012997,2021-01-10 15:10:00+00:00,38,21,2.0,0.002,Hammonds Plains,B3Z
206791,1012997,2021-01-10 15:14:59+00:00,38,22,2.0,0.002,Hammonds Plains,B3Z
206792,1012997,2021-01-10 15:20:00+00:00,38,22,2.0,0.002,Hammonds Plains,B3Z
206793,1012997,2021-01-10 15:24:59+00:00,38,10,1.0,0.001,Hammonds Plains,B3Z
206794,1012997,2021-01-10 15:30:00+00:00,33,8,1.0,0.001,Hammonds Plains,B3Z
206795,1012997,2021-01-10 15:35:00+00:00,33,8,1.0,0.001,Hammonds Plains,B3Z
206796,1012997,2021-01-10 15:40:00+00:00,33,3,0.0,0.0,Hammonds Plains,B3Z
206797,1012997,2021-01-10 15:45:00+00:00,4,2,0.0,0.0,Hammonds Plains,B3Z
206798,1012997,2021-01-10 15:49:59+00:00,4,2,0.0,0.0,Hammonds Plains,B3Z
206799,1012997,2021-01-11 08:19:59+00:00,1,0,0.0,0.0,Hammonds Plains,B3Z
206800,1012997,2021-01-11 08:25:00+00:00,3,0,0.0,0.0,Hammonds Plains,B3Z
